/* 'member, department, worker, classification, books, borrow' in order */
insert into member values('WK000001', 'worker1'), ('WK000002', 'worker2'), ('WK000003', 'worker3'), ('WK000004', 'worker4'), ('WK000005', 'worker5'), ('MEM00001', 'member1'), ('MEM00002', 'member2'), ('MEM00003', 'member3'), ('MEM00004', 'member4'), ('MEM00005', 'member5'), ('MEM00006', 'member6');
insert into department values('행정', 'office'), ('사서', 'reading room');
insert into worker values('WK000001', 'worker1', '행정', 3210), ('WK000002', 'worker2', '사서', 2870), ('WK000003', 'worker3', '사서', 2890), ('WK000004', 'worker4', '사서', 3000), ('WK000005', 'worker5', '행정', 2900);
insert into classification values (000, '총류'), (100, '철학'), (200, '종교'), (300, '사회과학'), (400, '순수과학'), (500, '기술과학'), (600, '예술'), (700, '언어'), (800, '문학'), (900, '역사');
insert into books values('00000001', 'aut1', 'book1', 'pub1', 2021, '2043963579781', 100), ('00000002', 'aut2', 'book2', 'pub2', 2021, '1060126296959', 800), ('00000003', 'aut3', 'book3', 'pub3', 2021, '8490938486767', 900), ('00000004', 'aut4', 'book4', 'pub4', 2020, '2915329431914', 400), ('00000005', 'aut4', 'book4', 'pub4', 2021, '8092660219638', 400), ('00000006', 'aut5', 'book5', 'pub5', 2020, '6798208086870', 500), ('00000007', 'aut5', 'book5', 'pub5', 2020, '9151110379325', 500), ('00000008', 'aut5new', 'book5new', 'pub5new', 2021, '3412988377631', 500), ('00000009', 'aut6', 'book6', 'pub6', 2021, '5820708846303', 800), ('00000010', 'aut7', 'book7', 'pub7', 2020, '7719605577537', 700);
insert into borrow values('00000004', 'MEM00004', '2021-05-03', '2021-05-17'), ('00000005', 'MEM00001', '2021-05-07', '2021-05-21'), ('00000006', 'MEM00001', '2021-05-07', '2021-05-21'), ('00000009', 'MEM00003', '2021-05-06', '2021-05-20'), ('00000010', 'WK000001', '2021-05-10', '2021-05-24');
